Workbook

Sheet Guide
A1: Hospital Disputes Tracker - placeholder v0.1 (28 October 2026)
A2: Prepared by KPMG for the CNHI audit project dashboard. Structure follows the KPI Dictionary v0.3 (F3) and Decisions D-06, D-14, D-15.
A4: Purpose | B4: Record every hospital dispute the team handles and the hours spent on it, so the dashboard can show disputes received and closed, outcomes, value defended, response time and effort (EX-07, EX-08, HD-01 to HD-07). Effort is visible to CNHI (D-15).
A5: Colour key | B5: Blue header and blue text: you enter it. Grey header: calculated, do not type over. Grey italic rows: examples - replace or clear them.
A6: 1. New dispute | B6: Add a row in Disputes when the dispute arrives: Dispute ID (e.g. DSP-0001, unique), received date, hospital, TPA, pathway, linked reference, dispute type, value disputed. Link the MARSAD Log ID (daily register) or GSS ID where the finding came from.
A7: 2. Respond | B7: When the response goes out, enter the response date and a short summary, and set Status to 'Response sent'.
A8: 3. Close | B8: When the dispute is settled, set Status to 'Closed', enter the closure date, the outcome and the value maintained. Outcome rules (D-06): Maintained = full value stands; Partially maintained = enter the value that stands; Reversed = value maintained 0; Withdrawn by hospital = full value stands.
A9: 4. Log hours | B9: Every working day, each team member adds one row per dispute worked on in Time Log: date, name, Dispute ID, activity, hours. Use 'General' for dispute work not tied to one case (e.g. a meeting covering several).
A10: October 2026 backfill | B10: Log hours from 1 October 2026. For days already past, reconstruct from calendars, emails and the disputes themselves, and set 'Estimated? (backfilled)' to Yes. From the day you start, log daily and set it to No. The Summary sheet shows estimated hours separately so the figure stays honest.
A11: Data protection | B11: Do not enter patient names, national IDs or MRNs. Use the approval or claim reference only. Free-text columns stay in this file: the dashboard drops them at upload, hashes the linked reference and replaces team names with Reviewer 1, 2, ... (D-14).
A12: Rules | B12: Do not insert or delete rows inside the tables; clear cells instead. Add list items at the bottom of the Lists sheet. Capacity: 1,000 disputes and 1,000 time-log rows.
A13: Open points | B13: Response standard (target days) to agree with CNHI (HD-06). Dispute types to confirm after the first month of use.
A15: دليل مختصر
B16: سجل كل اعتراض يرد من المستشفيات في ورقة Disputes فور استلامه، مع رقم المرجع المرتبط وقيمة الاعتراض.
B17: سجل تاريخ الرد وملخصه عند إرساله، ثم سجل تاريخ الإغلاق والنتيجة والقيمة المحافظ عليها عند التسوية.
B18: يسجل كل عضو في الفريق ساعات العمل على الاعتراضات يوميا في ورقة Time Log، بدءا من 1 أكتوبر 2026.
B19: تسجل ساعات الأيام السابقة بالرجوع إلى التقويم والمراسلات، مع وضع Yes في عمود الساعات التقديرية.
B20: لا تدخل اسم المريض أو رقم الهوية أو الرقم الطبي، واكتف برقم الموافقة أو المطالبة.

Sheet Disputes
A1: Hospital disputes register
A2: One row per dispute. Blue headers: you enter. Grey headers: calculated, do not type over. Row 5 is an example: replace it with your first dispute.
A4: Dispute ID | B4: Received date | C4: Hospital | D4: TPA | E4: Pathway | F4: Linked reference (approval / claim no.) | G4: Linked MARSAD Log ID or GSS ID | H4: Dispute type | I4: Value disputed (SAR) | J4: Hospital argument (summary) | K4: Handled by | L4: Response date | M4: KPMG response summary | N4: Status | O4: Closure date | P4: Outcome | Q4: Value maintained (SAR) | R4: Days to response | S4: Days open | T4: Hours logged
A5: EXAMPLE-001 | B5: 46300 | C5: Example Hospital - Riyadh | D5: GlobeMed Saudi | E5: Pre-authorization | F5: 1009876543 | G5: MRS-0123 | H5: Medical necessity | I5: 48500 | J5: ICU admission was clinically justified on day 2. | K5: Reviewer 1 | L5: 46303 | M5: Record shows stable vitals; ICU day 2 not supported. Position held. | N5: Closed | O5: 46307 | P5: Maintained | Q5: 48500 | R5: =IF(AND(B5<>"",L5<>""),L5-B5,"") -> 3 | S5: =IF(B5="","",IF(O5<>"",O5-B5,TODAY()-B5)) -> 7 | T5: =IF(A5="","",SUMIF('Time Log'!$C$5:$C$1004,A5,'Time Log'!$E$5:$E$1004)) -> 1.5
R6: =IF(AND(B6<>"",L6<>""),L6-B6,"") | S6: =IF(B6="","",IF(O6<>"",O6-B6,TODAY()-B6)) | T6: =IF(A6="","",SUMIF('Time Log'!$C$5:$C$1004,A6,'Time Log'!$E$5:$E$1004))
R7: =IF(AND(B7<>"",L7<>""),L7-B7,"") | S7: =IF(B7="","",IF(O7<>"",O7-B7,TODAY()-B7)) | T7: =IF(A7="","",SUMIF('Time Log'!$C$5:$C$1004,A7,'Time Log'!$E$5:$E$1004))
R8: =IF(AND(B8<>"",L8<>""),L8-B8,"") | S8: =IF(B8="","",IF(O8<>"",O8-B8,TODAY()-B8)) | T8: =IF(A8="","",SUMIF('Time Log'!$C$5:$C$1004,A8,'Time Log'!$E$5:$E$1004))
R9: =IF(AND(B9<>"",L9<>""),L9-B9,"") | S9: =IF(B9="","",IF(O9<>"",O9-B9,TODAY()-B9)) | T9: =IF(A9="","",SUMIF('Time Log'!$C$5:$C$1004,A9,'Time Log'!$E$5:$E$1004))
R10: =IF(AND(B10<>"",L10<>""),L10-B10,"") | S10: =IF(B10="","",IF(O10<>"",O10-B10,TODAY()-B10)) | T10: =IF(A10="","",SUMIF('Time Log'!$C$5:$C$1004,A10,'Time Log'!$E$5:$E$1004))
R11: =IF(AND(B11<>"",L11<>""),L11-B11,"") | S11: =IF(B11="","",IF(O11<>"",O11-B11,TODAY()-B11)) | T11: =IF(A11="","",SUMIF('Time Log'!$C$5:$C$1004,A11,'Time Log'!$E$5:$E$1004))
R12: =IF(AND(B12<>"",L12<>""),L12-B12,"") | S12: =IF(B12="","",IF(O12<>"",O12-B12,TODAY()-B12)) | T12: =IF(A12="","",SUMIF('Time Log'!$C$5:$C$1004,A12,'Time Log'!$E$5:$E$1004))
R13: =IF(AND(B13<>"",L13<>""),L13-B13,"") | S13: =IF(B13="","",IF(O13<>"",O13-B13,TODAY()-B13)) | T13: =IF(A13="","",SUMIF('Time Log'!$C$5:$C$1004,A13,'Time Log'!$E$5:$E$1004))
R14: =IF(AND(B14<>"",L14<>""),L14-B14,"") | S14: =IF(B14="","",IF(O14<>"",O14-B14,TODAY()-B14)) | T14: =IF(A14="","",SUMIF('Time Log'!$C$5:$C$1004,A14,'Time Log'!$E$5:$E$1004))
R15: =IF(AND(B15<>"",L15<>""),L15-B15,"") | S15: =IF(B15="","",IF(O15<>"",O15-B15,TODAY()-B15)) | T15: =IF(A15="","",SUMIF('Time Log'!$C$5:$C$1004,A15,'Time Log'!$E$5:$E$1004))
R16: =IF(AND(B16<>"",L16<>""),L16-B16,"") | S16: =IF(B16="","",IF(O16<>"",O16-B16,TODAY()-B16)) | T16: =IF(A16="","",SUMIF('Time Log'!$C$5:$C$1004,A16,'Time Log'!$E$5:$E$1004))
R17: =IF(AND(B17<>"",L17<>""),L17-B17,"") | S17: =IF(B17="","",IF(O17<>"",O17-B17,TODAY()-B17)) | T17: =IF(A17="","",SUMIF('Time Log'!$C$5:$C$1004,A17,'Time Log'!$E$5:$E$1004))
... R1004: =IF(AND(B1004<>"",L1004<>""),L1004-B1004,"") | S1004: =IF(B1004="","",IF(O1004<>"",O1004-B1004,TODAY()-B1004)) | T1004: =IF(A1004="","",SUMIF('Time Log'!$C$5:$C$1004,A1004,'Time Log'!$E$5:$E$1004))

Sheet Time Log
A1: Time log: hours spent on hospital disputes
A2: One row per person, per day, per dispute. Start from 1 October 2026. Use 'General' as Dispute ID for work not tied to one dispute. Row 5 is an example.
A4: Date | B4: Team member | C4: Dispute ID | D4: Activity | E4: Hours | F4: Estimated? (backfilled) | G4: Note | H4: Month
A5: 46302 | B5: Reviewer 1 | C5: EXAMPLE-001 | D5: Clinical review | E5: 1.5 | F5: No | G5: Reviewed ICU notes for day 2 | H5: =IF(A5="","",DATE(YEAR(A5),MONTH(A5),1)) -> 46296
H6: =IF(A6="","",DATE(YEAR(A6),MONTH(A6),1))
H7: =IF(A7="","",DATE(YEAR(A7),MONTH(A7),1))
H8: =IF(A8="","",DATE(YEAR(A8),MONTH(A8),1))
H9: =IF(A9="","",DATE(YEAR(A9),MONTH(A9),1))
H10: =IF(A10="","",DATE(YEAR(A10),MONTH(A10),1))
H11: =IF(A11="","",DATE(YEAR(A11),MONTH(A11),1))
H12: =IF(A12="","",DATE(YEAR(A12),MONTH(A12),1))
H13: =IF(A13="","",DATE(YEAR(A13),MONTH(A13),1))
H14: =IF(A14="","",DATE(YEAR(A14),MONTH(A14),1))
H15: =IF(A15="","",DATE(YEAR(A15),MONTH(A15),1))
H16: =IF(A16="","",DATE(YEAR(A16),MONTH(A16),1))
H17: =IF(A17="","",DATE(YEAR(A17),MONTH(A17),1))
... H1004: =IF(A1004="","",DATE(YEAR(A1004),MONTH(A1004),1))

Sheet Summary
A1: Monthly summary
A2: Calculated from the Disputes and Time Log sheets. Example rows are excluded. Feeds EX-07, EX-08, HD-01 to HD-07.
A4: Month | B4: Disputes received | C4: Disputes closed | D4: Closed - maintained | E4: Position maintained % | F4: Value disputed (SAR) | G4: Value maintained (SAR) | H4: Open at month end | I4: Hours logged | J4: Of which estimated
A5: 46296 | B5: =COUNTIFS(Disputes!$B$5:$B$1004,">="&$A5,Disputes!$B$5:$B$1004,"<"&DATE(YEAR($A5),MONTH($A5)+1,1),Disputes!$A$5:$A$1004,"<>EXAMPLE*") -> 0 | C5: =COUNTIFS(Disputes!$O$5:$O$1004,">="&$A5,Disputes!$O$5:$O$1004,"<"&DATE(YEAR($A5),MONTH($A5)+1,1),Disputes!$A$5:$A$1004,"<>EXAMPLE*") -> 0 | D5: =COUNTIFS(Disputes!$O$5:$O$1004,">="&$A5,Disputes!$O$5:$O$1004,"<"&DATE(YEAR($A5),MONTH($A5)+1,1),Disputes!$P$5:$P$1004,"Maintained",Disputes!$A$5:$A$1004,"<>EXAMPLE*") -> 0 | E5: =IF(C5=0,"-",D5/C5) -> - | F5: =SUMIFS(Disputes!$I$5:$I$1004,Disputes!$B$5:$B$1004,">="&$A5,Disputes!$B$5:$B$1004,"<"&DATE(YEAR($A5),MONTH($A5)+1,1),Disputes!$A$5:$A$1004,"<>EXAMPLE*") -> 0 | G5: =SUMIFS(Disputes!$Q$5:$Q$1004,Disputes!$O$5:$O$1004,">="&$A5,Disputes!$O$5:$O$1004,"<"&DATE(YEAR($A5),MONTH($A5)+1,1),Disputes!$A$5:$A$1004,"<>EXAMPLE*") -> 0 | H5: =COUNTIFS(Disputes!$B$5:$B$1004,"<"&DATE(YEAR($A5),MONTH($A5)+1,1),Disputes!$A$5:$A$1004,"<>EXAMPLE*")-COUNTIFS(Disputes!$O$5:$O$1004,"<"&DATE(YEAR($A5),MONTH($A5)+1,1),Disputes!$A$5:$A$1004,"<>EXAMPLE*") -> 0 | I5: =SUMIFS('Time Log'!$E$5:$E$1004,'Time Log'!$A$5:$A$1004,">="&$A5,'Time Log'!$A$5:$A$1004,"<"&DATE(YEAR($A5),MONTH($A5)+1,1),'Time Log'!$C$5:$C$1004,"<>EXAMPLE*") -> 0 | J5: =SUMIFS('Time Log'!$E$5:$E$1004,'Time Log'!$A$5:$A$1004,">="&$A5,'Time Log'!$A$5:$A$1004,"<"&DATE(YEAR($A5),MONTH($A5)+1,1),'Time Log'!$C$5:$C$1004,"<>EXAMPLE*",'Time Log'!$F$5:$F$1004,"Yes") -> 0
A6: 46327 | B6: =COUNTIFS(Disputes!$B$5:$B$1004,">="&$A6,Disputes!$B$5:$B$1004,"<"&DATE(YEAR($A6),MONTH($A6)+1,1),Disputes!$A$5:$A$1004,"<>EXAMPLE*") -> 0 | C6: =COUNTIFS(Disputes!$O$5:$O$1004,">="&$A6,Disputes!$O$5:$O$1004,"<"&DATE(YEAR($A6),MONTH($A6)+1,1),Disputes!$A$5:$A$1004,"<>EXAMPLE*") -> 0 | D6: =COUNTIFS(Disputes!$O$5:$O$1004,">="&$A6,Disputes!$O$5:$O$1004,"<"&DATE(YEAR($A6),MONTH($A6)+1,1),Disputes!$P$5:$P$1004,"Maintained",Disputes!$A$5:$A$1004,"<>EXAMPLE*") -> 0 | E6: =IF(C6=0,"-",D6/C6) -> - | F6: =SUMIFS(Disputes!$I$5:$I$1004,Disputes!$B$5:$B$1004,">="&$A6,Disputes!$B$5:$B$1004,"<"&DATE(YEAR($A6),MONTH($A6)+1,1),Disputes!$A$5:$A$1004,"<>EXAMPLE*") -> 0 | G6: =SUMIFS(Disputes!$Q$5:$Q$1004,Disputes!$O$5:$O$1004,">="&$A6,Disputes!$O$5:$O$1004,"<"&DATE(YEAR($A6),MONTH($A6)+1,1),Disputes!$A$5:$A$1004,"<>EXAMPLE*") -> 0 | H6: =COUNTIFS(Disputes!$B$5:$B$1004,"<"&DATE(YEAR($A6),MONTH($A6)+1,1),Disputes!$A$5:$A$1004,"<>EXAMPLE*")-COUNTIFS(Disputes!$O$5:$O$1004,"<"&DATE(YEAR($A6),MONTH($A6)+1,1),Disputes!$A$5:$A$1004,"<>EXAMPLE*") -> 0 | I6: =SUMIFS('Time Log'!$E$5:$E$1004,'Time Log'!$A$5:$A$1004,">="&$A6,'Time Log'!$A$5:$A$1004,"<"&DATE(YEAR($A6),MONTH($A6)+1,1),'Time Log'!$C$5:$C$1004,"<>EXAMPLE*") -> 0 | J6: =SUMIFS('Time Log'!$E$5:$E$1004,'Time Log'!$A$5:$A$1004,">="&$A6,'Time Log'!$A$5:$A$1004,"<"&DATE(YEAR($A6),MONTH($A6)+1,1),'Time Log'!$C$5:$C$1004,"<>EXAMPLE*",'Time Log'!$F$5:$F$1004,"Yes") -> 0
A7: 46357 | B7: =COUNTIFS(Disputes!$B$5:$B$1004,">="&$A7,Disputes!$B$5:$B$1004,"<"&DATE(YEAR($A7),MONTH($A7)+1,1),Disputes!$A$5:$A$1004,"<>EXAMPLE*") -> 0 | C7: =COUNTIFS(Disputes!$O$5:$O$1004,">="&$A7,Disputes!$O$5:$O$1004,"<"&DATE(YEAR($A7),MONTH($A7)+1,1),Disputes!$A$5:$A$1004,"<>EXAMPLE*") -> 0 | D7: =COUNTIFS(Disputes!$O$5:$O$1004,">="&$A7,Disputes!$O$5:$O$1004,"<"&DATE(YEAR($A7),MONTH($A7)+1,1),Disputes!$P$5:$P$1004,"Maintained",Disputes!$A$5:$A$1004,"<>EXAMPLE*") -> 0 | E7: =IF(C7=0,"-",D7/C7) -> - | F7: =SUMIFS(Disputes!$I$5:$I$1004,Disputes!$B$5:$B$1004,">="&$A7,Disputes!$B$5:$B$1004,"<"&DATE(YEAR($A7),MONTH($A7)+1,1),Disputes!$A$5:$A$1004,"<>EXAMPLE*") -> 0 | G7: =SUMIFS(Disputes!$Q$5:$Q$1004,Disputes!$O$5:$O$1004,">="&$A7,Disputes!$O$5:$O$1004,"<"&DATE(YEAR($A7),MONTH($A7)+1,1),Disputes!$A$5:$A$1004,"<>EXAMPLE*") -> 0 | H7: =COUNTIFS(Disputes!$B$5:$B$1004,"<"&DATE(YEAR($A7),MONTH($A7)+1,1),Disputes!$A$5:$A$1004,"<>EXAMPLE*")-COUNTIFS(Disputes!$O$5:$O$1004,"<"&DATE(YEAR($A7),MONTH($A7)+1,1),Disputes!$A$5:$A$1004,"<>EXAMPLE*") -> 0 | I7: =SUMIFS('Time Log'!$E$5:$E$1004,'Time Log'!$A$5:$A$1004,">="&$A7,'Time Log'!$A$5:$A$1004,"<"&DATE(YEAR($A7),MONTH($A7)+1,1),'Time Log'!$C$5:$C$1004,"<>EXAMPLE*") -> 0 | J7: =SUMIFS('Time Log'!$E$5:$E$1004,'Time Log'!$A$5:$A$1004,">="&$A7,'Time Log'!$A$5:$A$1004,"<"&DATE(YEAR($A7),MONTH($A7)+1,1),'Time Log'!$C$5:$C$1004,"<>EXAMPLE*",'Time Log'!$F$5:$F$1004,"Yes") -> 0
A8: 46388 | B8: =COUNTIFS(Disputes!$B$5:$B$1004,">="&$A8,Disputes!$B$5:$B$1004,"<"&DATE(YEAR($A8),MONTH($A8)+1,1),Disputes!$A$5:$A$1004,"<>EXAMPLE*") -> 0 | C8: =COUNTIFS(Disputes!$O$5:$O$1004,">="&$A8,Disputes!$O$5:$O$1004,"<"&DATE(YEAR($A8),MONTH($A8)+1,1),Disputes!$A$5:$A$1004,"<>EXAMPLE*") -> 0 | D8: =COUNTIFS(Disputes!$O$5:$O$1004,">="&$A8,Disputes!$O$5:$O$1004,"<"&DATE(YEAR($A8),MONTH($A8)+1,1),Disputes!$P$5:$P$1004,"Maintained",Disputes!$A$5:$A$1004,"<>EXAMPLE*") -> 0 | E8: =IF(C8=0,"-",D8/C8) -> - | F8: =SUMIFS(Disputes!$I$5:$I$1004,Disputes!$B$5:$B$1004,">="&$A8,Disputes!$B$5:$B$1004,"<"&DATE(YEAR($A8),MONTH($A8)+1,1),Disputes!$A$5:$A$1004,"<>EXAMPLE*") -> 0 | G8: =SUMIFS(Disputes!$Q$5:$Q$1004,Disputes!$O$5:$O$1004,">="&$A8,Disputes!$O$5:$O$1004,"<"&DATE(YEAR($A8),MONTH($A8)+1,1),Disputes!$A$5:$A$1004,"<>EXAMPLE*") -> 0 | H8: =COUNTIFS(Disputes!$B$5:$B$1004,"<"&DATE(YEAR($A8),MONTH($A8)+1,1),Disputes!$A$5:$A$1004,"<>EXAMPLE*")-COUNTIFS(Disputes!$O$5:$O$1004,"<"&DATE(YEAR($A8),MONTH($A8)+1,1),Disputes!$A$5:$A$1004,"<>EXAMPLE*") -> 0 | I8: =SUMIFS('Time Log'!$E$5:$E$1004,'Time Log'!$A$5:$A$1004,">="&$A8,'Time Log'!$A$5:$A$1004,"<"&DATE(YEAR($A8),MONTH($A8)+1,1),'Time Log'!$C$5:$C$1004,"<>EXAMPLE*") -> 0 | J8: =SUMIFS('Time Log'!$E$5:$E$1004,'Time Log'!$A$5:$A$1004,">="&$A8,'Time Log'!$A$5:$A$1004,"<"&DATE(YEAR($A8),MONTH($A8)+1,1),'Time Log'!$C$5:$C$1004,"<>EXAMPLE*",'Time Log'!$F$5:$F$1004,"Yes") -> 0
A9: 46419 | B9: =COUNTIFS(Disputes!$B$5:$B$1004,">="&$A9,Disputes!$B$5:$B$1004,"<"&DATE(YEAR($A9),MONTH($A9)+1,1),Disputes!$A$5:$A$1004,"<>EXAMPLE*") -> 0 | C9: =COUNTIFS(Disputes!$O$5:$O$1004,">="&$A9,Disputes!$O$5:$O$1004,"<"&DATE(YEAR($A9),MONTH($A9)+1,1),Disputes!$A$5:$A$1004,"<>EXAMPLE*") -> 0 | D9: =COUNTIFS(Disputes!$O$5:$O$1004,">="&$A9,Disputes!$O$5:$O$1004,"<"&DATE(YEAR($A9),MONTH($A9)+1,1),Disputes!$P$5:$P$1004,"Maintained",Disputes!$A$5:$A$1004,"<>EXAMPLE*") -> 0 | E9: =IF(C9=0,"-",D9/C9) -> - | F9: =SUMIFS(Disputes!$I$5:$I$1004,Disputes!$B$5:$B$1004,">="&$A9,Disputes!$B$5:$B$1004,"<"&DATE(YEAR($A9),MONTH($A9)+1,1),Disputes!$A$5:$A$1004,"<>EXAMPLE*") -> 0 | G9: =SUMIFS(Disputes!$Q$5:$Q$1004,Disputes!$O$5:$O$1004,">="&$A9,Disputes!$O$5:$O$1004,"<"&DATE(YEAR($A9),MONTH($A9)+1,1),Disputes!$A$5:$A$1004,"<>EXAMPLE*") -> 0 | H9: =COUNTIFS(Disputes!$B$5:$B$1004,"<"&DATE(YEAR($A9),MONTH($A9)+1,1),Disputes!$A$5:$A$1004,"<>EXAMPLE*")-COUNTIFS(Disputes!$O$5:$O$1004,"<"&DATE(YEAR($A9),MONTH($A9)+1,1),Disputes!$A$5:$A$1004,"<>EXAMPLE*") -> 0 | I9: =SUMIFS('Time Log'!$E$5:$E$1004,'Time Log'!$A$5:$A$1004,">="&$A9,'Time Log'!$A$5:$A$1004,"<"&DATE(YEAR($A9),MONTH($A9)+1,1),'Time Log'!$C$5:$C$1004,"<>EXAMPLE*") -> 0 | J9: =SUMIFS('Time Log'!$E$5:$E$1004,'Time Log'!$A$5:$A$1004,">="&$A9,'Time Log'!$A$5:$A$1004,"<"&DATE(YEAR($A9),MONTH($A9)+1,1),'Time Log'!$C$5:$C$1004,"<>EXAMPLE*",'Time Log'!$F$5:$F$1004,"Yes") -> 0
A10: 46447 | B10: =COUNTIFS(Disputes!$B$5:$B$1004,">="&$A10,Disputes!$B$5:$B$1004,"<"&DATE(YEAR($A10),MONTH($A10)+1,1),Disputes!$A$5:$A$1004,"<>EXAMPLE*") -> 0 | C10: =COUNTIFS(Disputes!$O$5:$O$1004,">="&$A10,Disputes!$O$5:$O$1004,"<"&DATE(YEAR($A10),MONTH($A10)+1,1),Disputes!$A$5:$A$1004,"<>EXAMPLE*") -> 0 | D10: =COUNTIFS(Disputes!$O$5:$O$1004,">="&$A10,Disputes!$O$5:$O$1004,"<"&DATE(YEAR($A10),MONTH($A10)+1,1),Disputes!$P$5:$P$1004,"Maintained",Disputes!$A$5:$A$1004,"<>EXAMPLE*") -> 0 | E10: =IF(C10=0,"-",D10/C10) -> - | F10: =SUMIFS(Disputes!$I$5:$I$1004,Disputes!$B$5:$B$1004,">="&$A10,Disputes!$B$5:$B$1004,"<"&DATE(YEAR($A10),MONTH($A10)+1,1),Disputes!$A$5:$A$1004,"<>EXAMPLE*") -> 0 | G10: =SUMIFS(Disputes!$Q$5:$Q$1004,Disputes!$O$5:$O$1004,">="&$A10,Disputes!$O$5:$O$1004,"<"&DATE(YEAR($A10),MONTH($A10)+1,1),Disputes!$A$5:$A$1004,"<>EXAMPLE*") -> 0 | H10: =COUNTIFS(Disputes!$B$5:$B$1004,"<"&DATE(YEAR($A10),MONTH($A10)+1,1),Disputes!$A$5:$A$1004,"<>EXAMPLE*")-COUNTIFS(Disputes!$O$5:$O$1004,"<"&DATE(YEAR($A10),MONTH($A10)+1,1),Disputes!$A$5:$A$1004,"<>EXAMPLE*") -> 0 | I10: =SUMIFS('Time Log'!$E$5:$E$1004,'Time Log'!$A$5:$A$1004,">="&$A10,'Time Log'!$A$5:$A$1004,"<"&DATE(YEAR($A10),MONTH($A10)+1,1),'Time Log'!$C$5:$C$1004,"<>EXAMPLE*") -> 0 | J10: =SUMIFS('Time Log'!$E$5:$E$1004,'Time Log'!$A$5:$A$1004,">="&$A10,'Time Log'!$A$5:$A$1004,"<"&DATE(YEAR($A10),MONTH($A10)+1,1),'Time Log'!$C$5:$C$1004,"<>EXAMPLE*",'Time Log'!$F$5:$F$1004,"Yes") -> 0
A11: 46478 | B11: =COUNTIFS(Disputes!$B$5:$B$1004,">="&$A11,Disputes!$B$5:$B$1004,"<"&DATE(YEAR($A11),MONTH($A11)+1,1),Disputes!$A$5:$A$1004,"<>EXAMPLE*") -> 0 | C11: =COUNTIFS(Disputes!$O$5:$O$1004,">="&$A11,Disputes!$O$5:$O$1004,"<"&DATE(YEAR($A11),MONTH($A11)+1,1),Disputes!$A$5:$A$1004,"<>EXAMPLE*") -> 0 | D11: =COUNTIFS(Disputes!$O$5:$O$1004,">="&$A11,Disputes!$O$5:$O$1004,"<"&DATE(YEAR($A11),MONTH($A11)+1,1),Disputes!$P$5:$P$1004,"Maintained",Disputes!$A$5:$A$1004,"<>EXAMPLE*") -> 0 | E11: =IF(C11=0,"-",D11/C11) -> - | F11: =SUMIFS(Disputes!$I$5:$I$1004,Disputes!$B$5:$B$1004,">="&$A11,Disputes!$B$5:$B$1004,"<"&DATE(YEAR($A11),MONTH($A11)+1,1),Disputes!$A$5:$A$1004,"<>EXAMPLE*") -> 0 | G11: =SUMIFS(Disputes!$Q$5:$Q$1004,Disputes!$O$5:$O$1004,">="&$A11,Disputes!$O$5:$O$1004,"<"&DATE(YEAR($A11),MONTH($A11)+1,1),Disputes!$A$5:$A$1004,"<>EXAMPLE*") -> 0 | H11: =COUNTIFS(Disputes!$B$5:$B$1004,"<"&DATE(YEAR($A11),MONTH($A11)+1,1),Disputes!$A$5:$A$1004,"<>EXAMPLE*")-COUNTIFS(Disputes!$O$5:$O$1004,"<"&DATE(YEAR($A11),MONTH($A11)+1,1),Disputes!$A$5:$A$1004,"<>EXAMPLE*") -> 0 | I11: =SUMIFS('Time Log'!$E$5:$E$1004,'Time Log'!$A$5:$A$1004,">="&$A11,'Time Log'!$A$5:$A$1004,"<"&DATE(YEAR($A11),MONTH($A11)+1,1),'Time Log'!$C$5:$C$1004,"<>EXAMPLE*") -> 0 | J11: =SUMIFS('Time Log'!$E$5:$E$1004,'Time Log'!$A$5:$A$1004,">="&$A11,'Time Log'!$A$5:$A$1004,"<"&DATE(YEAR($A11),MONTH($A11)+1,1),'Time Log'!$C$5:$C$1004,"<>EXAMPLE*",'Time Log'!$F$5:$F$1004,"Yes") -> 0
A12: 46508 | B12: =COUNTIFS(Disputes!$B$5:$B$1004,">="&$A12,Disputes!$B$5:$B$1004,"<"&DATE(YEAR($A12),MONTH($A12)+1,1),Disputes!$A$5:$A$1004,"<>EXAMPLE*") -> 0 | C12: =COUNTIFS(Disputes!$O$5:$O$1004,">="&$A12,Disputes!$O$5:$O$1004,"<"&DATE(YEAR($A12),MONTH($A12)+1,1),Disputes!$A$5:$A$1004,"<>EXAMPLE*") -> 0 | D12: =COUNTIFS(Disputes!$O$5:$O$1004,">="&$A12,Disputes!$O$5:$O$1004,"<"&DATE(YEAR($A12),MONTH($A12)+1,1),Disputes!$P$5:$P$1004,"Maintained",Disputes!$A$5:$A$1004,"<>EXAMPLE*") -> 0 | E12: =IF(C12=0,"-",D12/C12) -> - | F12: =SUMIFS(Disputes!$I$5:$I$1004,Disputes!$B$5:$B$1004,">="&$A12,Disputes!$B$5:$B$1004,"<"&DATE(YEAR($A12),MONTH($A12)+1,1),Disputes!$A$5:$A$1004,"<>EXAMPLE*") -> 0 | G12: =SUMIFS(Disputes!$Q$5:$Q$1004,Disputes!$O$5:$O$1004,">="&$A12,Disputes!$O$5:$O$1004,"<"&DATE(YEAR($A12),MONTH($A12)+1,1),Disputes!$A$5:$A$1004,"<>EXAMPLE*") -> 0 | H12: =COUNTIFS(Disputes!$B$5:$B$1004,"<"&DATE(YEAR($A12),MONTH($A12)+1,1),Disputes!$A$5:$A$1004,"<>EXAMPLE*")-COUNTIFS(Disputes!$O$5:$O$1004,"<"&DATE(YEAR($A12),MONTH($A12)+1,1),Disputes!$A$5:$A$1004,"<>EXAMPLE*") -> 0 | I12: =SUMIFS('Time Log'!$E$5:$E$1004,'Time Log'!$A$5:$A$1004,">="&$A12,'Time Log'!$A$5:$A$1004,"<"&DATE(YEAR($A12),MONTH($A12)+1,1),'Time Log'!$C$5:$C$1004,"<>EXAMPLE*") -> 0 | J12: =SUMIFS('Time Log'!$E$5:$E$1004,'Time Log'!$A$5:$A$1004,">="&$A12,'Time Log'!$A$5:$A$1004,"<"&DATE(YEAR($A12),MONTH($A12)+1,1),'Time Log'!$C$5:$C$1004,"<>EXAMPLE*",'Time Log'!$F$5:$F$1004,"Yes") -> 0
A13: 46539 | B13: =COUNTIFS(Disputes!$B$5:$B$1004,">="&$A13,Disputes!$B$5:$B$1004,"<"&DATE(YEAR($A13),MONTH($A13)+1,1),Disputes!$A$5:$A$1004,"<>EXAMPLE*") -> 0 | C13: =COUNTIFS(Disputes!$O$5:$O$1004,">="&$A13,Disputes!$O$5:$O$1004,"<"&DATE(YEAR($A13),MONTH($A13)+1,1),Disputes!$A$5:$A$1004,"<>EXAMPLE*") -> 0 | D13: =COUNTIFS(Disputes!$O$5:$O$1004,">="&$A13,Disputes!$O$5:$O$1004,"<"&DATE(YEAR($A13),MONTH($A13)+1,1),Disputes!$P$5:$P$1004,"Maintained",Disputes!$A$5:$A$1004,"<>EXAMPLE*") -> 0 | E13: =IF(C13=0,"-",D13/C13) -> - | F13: =SUMIFS(Disputes!$I$5:$I$1004,Disputes!$B$5:$B$1004,">="&$A13,Disputes!$B$5:$B$1004,"<"&DATE(YEAR($A13),MONTH($A13)+1,1),Disputes!$A$5:$A$1004,"<>EXAMPLE*") -> 0 | G13: =SUMIFS(Disputes!$Q$5:$Q$1004,Disputes!$O$5:$O$1004,">="&$A13,Disputes!$O$5:$O$1004,"<"&DATE(YEAR($A13),MONTH($A13)+1,1),Disputes!$A$5:$A$1004,"<>EXAMPLE*") -> 0 | H13: =COUNTIFS(Disputes!$B$5:$B$1004,"<"&DATE(YEAR($A13),MONTH($A13)+1,1),Disputes!$A$5:$A$1004,"<>EXAMPLE*")-COUNTIFS(Disputes!$O$5:$O$1004,"<"&DATE(YEAR($A13),MONTH($A13)+1,1),Disputes!$A$5:$A$1004,"<>EXAMPLE*") -> 0 | I13: =SUMIFS('Time Log'!$E$5:$E$1004,'Time Log'!$A$5:$A$1004,">="&$A13,'Time Log'!$A$5:$A$1004,"<"&DATE(YEAR($A13),MONTH($A13)+1,1),'Time Log'!$C$5:$C$1004,"<>EXAMPLE*") -> 0 | J13: =SUMIFS('Time Log'!$E$5:$E$1004,'Time Log'!$A$5:$A$1004,">="&$A13,'Time Log'!$A$5:$A$1004,"<"&DATE(YEAR($A13),MONTH($A13)+1,1),'Time Log'!$C$5:$C$1004,"<>EXAMPLE*",'Time Log'!$F$5:$F$1004,"Yes") -> 0
A14: 46569 | B14: =COUNTIFS(Disputes!$B$5:$B$1004,">="&$A14,Disputes!$B$5:$B$1004,"<"&DATE(YEAR($A14),MONTH($A14)+1,1),Disputes!$A$5:$A$1004,"<>EXAMPLE*") -> 0 | C14: =COUNTIFS(Disputes!$O$5:$O$1004,">="&$A14,Disputes!$O$5:$O$1004,"<"&DATE(YEAR($A14),MONTH($A14)+1,1),Disputes!$A$5:$A$1004,"<>EXAMPLE*") -> 0 | D14: =COUNTIFS(Disputes!$O$5:$O$1004,">="&$A14,Disputes!$O$5:$O$1004,"<"&DATE(YEAR($A14),MONTH($A14)+1,1),Disputes!$P$5:$P$1004,"Maintained",Disputes!$A$5:$A$1004,"<>EXAMPLE*") -> 0 | E14: =IF(C14=0,"-",D14/C14) -> - | F14: =SUMIFS(Disputes!$I$5:$I$1004,Disputes!$B$5:$B$1004,">="&$A14,Disputes!$B$5:$B$1004,"<"&DATE(YEAR($A14),MONTH($A14)+1,1),Disputes!$A$5:$A$1004,"<>EXAMPLE*") -> 0 | G14: =SUMIFS(Disputes!$Q$5:$Q$1004,Disputes!$O$5:$O$1004,">="&$A14,Disputes!$O$5:$O$1004,"<"&DATE(YEAR($A14),MONTH($A14)+1,1),Disputes!$A$5:$A$1004,"<>EXAMPLE*") -> 0 | H14: =COUNTIFS(Disputes!$B$5:$B$1004,"<"&DATE(YEAR($A14),MONTH($A14)+1,1),Disputes!$A$5:$A$1004,"<>EXAMPLE*")-COUNTIFS(Disputes!$O$5:$O$1004,"<"&DATE(YEAR($A14),MONTH($A14)+1,1),Disputes!$A$5:$A$1004,"<>EXAMPLE*") -> 0 | I14: =SUMIFS('Time Log'!$E$5:$E$1004,'Time Log'!$A$5:$A$1004,">="&$A14,'Time Log'!$A$5:$A$1004,"<"&DATE(YEAR($A14),MONTH($A14)+1,1),'Time Log'!$C$5:$C$1004,"<>EXAMPLE*") -> 0 | J14: =SUMIFS('Time Log'!$E$5:$E$1004,'Time Log'!$A$5:$A$1004,">="&$A14,'Time Log'!$A$5:$A$1004,"<"&DATE(YEAR($A14),MONTH($A14)+1,1),'Time Log'!$C$5:$C$1004,"<>EXAMPLE*",'Time Log'!$F$5:$F$1004,"Yes") -> 0
A15: 46600 | B15: =COUNTIFS(Disputes!$B$5:$B$1004,">="&$A15,Disputes!$B$5:$B$1004,"<"&DATE(YEAR($A15),MONTH($A15)+1,1),Disputes!$A$5:$A$1004,"<>EXAMPLE*") -> 0 | C15: =COUNTIFS(Disputes!$O$5:$O$1004,">="&$A15,Disputes!$O$5:$O$1004,"<"&DATE(YEAR($A15),MONTH($A15)+1,1),Disputes!$A$5:$A$1004,"<>EXAMPLE*") -> 0 | D15: =COUNTIFS(Disputes!$O$5:$O$1004,">="&$A15,Disputes!$O$5:$O$1004,"<"&DATE(YEAR($A15),MONTH($A15)+1,1),Disputes!$P$5:$P$1004,"Maintained",Disputes!$A$5:$A$1004,"<>EXAMPLE*") -> 0 | E15: =IF(C15=0,"-",D15/C15) -> - | F15: =SUMIFS(Disputes!$I$5:$I$1004,Disputes!$B$5:$B$1004,">="&$A15,Disputes!$B$5:$B$1004,"<"&DATE(YEAR($A15),MONTH($A15)+1,1),Disputes!$A$5:$A$1004,"<>EXAMPLE*") -> 0 | G15: =SUMIFS(Disputes!$Q$5:$Q$1004,Disputes!$O$5:$O$1004,">="&$A15,Disputes!$O$5:$O$1004,"<"&DATE(YEAR($A15),MONTH($A15)+1,1),Disputes!$A$5:$A$1004,"<>EXAMPLE*") -> 0 | H15: =COUNTIFS(Disputes!$B$5:$B$1004,"<"&DATE(YEAR($A15),MONTH($A15)+1,1),Disputes!$A$5:$A$1004,"<>EXAMPLE*")-COUNTIFS(Disputes!$O$5:$O$1004,"<"&DATE(YEAR($A15),MONTH($A15)+1,1),Disputes!$A$5:$A$1004,"<>EXAMPLE*") -> 0 | I15: =SUMIFS('Time Log'!$E$5:$E$1004,'Time Log'!$A$5:$A$1004,">="&$A15,'Time Log'!$A$5:$A$1004,"<"&DATE(YEAR($A15),MONTH($A15)+1,1),'Time Log'!$C$5:$C$1004,"<>EXAMPLE*") -> 0 | J15: =SUMIFS('Time Log'!$E$5:$E$1004,'Time Log'!$A$5:$A$1004,">="&$A15,'Time Log'!$A$5:$A$1004,"<"&DATE(YEAR($A15),MONTH($A15)+1,1),'Time Log'!$C$5:$C$1004,"<>EXAMPLE*",'Time Log'!$F$5:$F$1004,"Yes") -> 0
A16: 46631 | B16: =COUNTIFS(Disputes!$B$5:$B$1004,">="&$A16,Disputes!$B$5:$B$1004,"<"&DATE(YEAR($A16),MONTH($A16)+1,1),Disputes!$A$5:$A$1004,"<>EXAMPLE*") -> 0 | C16: =COUNTIFS(Disputes!$O$5:$O$1004,">="&$A16,Disputes!$O$5:$O$1004,"<"&DATE(YEAR($A16),MONTH($A16)+1,1),Disputes!$A$5:$A$1004,"<>EXAMPLE*") -> 0 | D16: =COUNTIFS(Disputes!$O$5:$O$1004,">="&$A16,Disputes!$O$5:$O$1004,"<"&DATE(YEAR($A16),MONTH($A16)+1,1),Disputes!$P$5:$P$1004,"Maintained",Disputes!$A$5:$A$1004,"<>EXAMPLE*") -> 0 | E16: =IF(C16=0,"-",D16/C16) -> - | F16: =SUMIFS(Disputes!$I$5:$I$1004,Disputes!$B$5:$B$1004,">="&$A16,Disputes!$B$5:$B$1004,"<"&DATE(YEAR($A16),MONTH($A16)+1,1),Disputes!$A$5:$A$1004,"<>EXAMPLE*") -> 0 | G16: =SUMIFS(Disputes!$Q$5:$Q$1004,Disputes!$O$5:$O$1004,">="&$A16,Disputes!$O$5:$O$1004,"<"&DATE(YEAR($A16),MONTH($A16)+1,1),Disputes!$A$5:$A$1004,"<>EXAMPLE*") -> 0 | H16: =COUNTIFS(Disputes!$B$5:$B$1004,"<"&DATE(YEAR($A16),MONTH($A16)+1,1),Disputes!$A$5:$A$1004,"<>EXAMPLE*")-COUNTIFS(Disputes!$O$5:$O$1004,"<"&DATE(YEAR($A16),MONTH($A16)+1,1),Disputes!$A$5:$A$1004,"<>EXAMPLE*") -> 0 | I16: =SUMIFS('Time Log'!$E$5:$E$1004,'Time Log'!$A$5:$A$1004,">="&$A16,'Time Log'!$A$5:$A$1004,"<"&DATE(YEAR($A16),MONTH($A16)+1,1),'Time Log'!$C$5:$C$1004,"<>EXAMPLE*") -> 0 | J16: =SUMIFS('Time Log'!$E$5:$E$1004,'Time Log'!$A$5:$A$1004,">="&$A16,'Time Log'!$A$5:$A$1004,"<"&DATE(YEAR($A16),MONTH($A16)+1,1),'Time Log'!$C$5:$C$1004,"<>EXAMPLE*",'Time Log'!$F$5:$F$1004,"Yes") -> 0

Sheet Lists
A1: Lists
A2: Add new items at the bottom of a list, with no gaps. Drop-downs in the other sheets read these lists.
A4: Pathway | B4: TPA | C4: Dispute type | D4: Status | E4: Outcome | F4: Activity | G4: Estimated
A5: Pre-authorization | B5: GlobeMed Saudi | C5: Medical necessity | D5: Open | E5: Maintained | F5: Case retrieval | G5: No
A6: Claim | B6: NextCare | C6: Coding | D6: Response sent | E6: Partially maintained | F6: Clinical review | G6: Yes
A7: GSS | B7: Other | C7: Pricing or tariff | D7: Closed | E7: Reversed | F7: Response drafting
C8: Documentation | E8: Withdrawn by hospital | F8: Meeting with hospital or TPA
C9: Length of stay or level of care | F9: Internal QA
C10: Eligibility or coverage | F10: Other
C11: Other
